"metabolite","species","rho","p","FDR","abs_rho","sig_p05","sig_fdr05","sig_fdr10"
"Pentose alcohols","Bifidobacterium longum",-0.520577790102698,2.04133339607982e-08,2.2454667356878e-07,0.520577790102698,TRUE,TRUE,TRUE
"Phenylacetyl-L-glutamine","Bifidobacterium longum",-0.500887011437248,8.25178919503921e-08,9.07696811454313e-07,0.500887011437248,TRUE,TRUE,TRUE
"Orotidine","Bifidobacterium longum",-0.475153200698608,4.50760320026725e-07,4.95836352029398e-06,0.475153200698608,TRUE,TRUE,TRUE
"Hydroxyphenylacetic acids","Bifidobacterium longum",-0.46443643782724,8.78388953510646e-07,9.66227848861711e-06,0.46443643782724,TRUE,TRUE,TRUE
"Glucuronic acid","Bifidobacterium longum",-0.44946465611782,2.14950920076473e-06,2.3644601208412e-05,0.44946465611782,TRUE,TRUE,TRUE
"Quinolinic acid","Bifidobacterium longum",-0.441033834217958,3.4931490220208e-06,3.84246392422288e-05,0.441033834217958,TRUE,TRUE,TRUE
"Threitol","Bifidobacterium longum",-0.436043240314818,4.62824396741012e-06,5.09106836415113e-05,0.436043240314818,TRUE,TRUE,TRUE
"Pseudouridine","Bifidobacterium longum",-0.434424975171623,5.06556058302857e-06,5.57211664133143e-05,0.434424975171623,TRUE,TRUE,TRUE
"N-Acetyl-l-phenylalanine","Bifidobacterium longum",-0.431856120713544,5.84063495525156e-06,6.42469845077672e-05,0.431856120713544,TRUE,TRUE,TRUE
"Acetamidobutanoic acid","Bifidobacterium longum",-0.428744072361246,6.92939366893284e-06,7.62233303582612e-05,0.428744072361246,TRUE,TRUE,TRUE
"Galacturonic acid","Bifidobacterium longum",-0.422542608735575,9.69294500121093e-06,0.00010662239501332,0.422542608735575,TRUE,TRUE,TRUE
"Indolelactic acid","Eggerthella lenta",-0.407264959590769,2.15530489446978e-05,0.000237083538391675,0.407264959590769,TRUE,TRUE,TRUE
"N6-Acetyl-L-lysine","Bifidobacterium longum",-0.40517172066002,2.39748457092931e-05,0.000263723302802224,0.40517172066002,TRUE,TRUE,TRUE
"N-Acetylneuraminic acid","Bifidobacterium longum",-0.403474239740585,2.61235780264177e-05,0.000287359358290595,0.403474239740585,TRUE,TRUE,TRUE
"Pantothenic acid","Eggerthella lenta",-0.397901552649947,3.45140013687457e-05,0.000379654015056203,0.397901552649947,TRUE,TRUE,TRUE
"N-Acetyl-L-alanine","Bifidobacterium longum",-0.397114344562434,3.58846966271992e-05,0.000394731662899191,0.397114344562434,TRUE,TRUE,TRUE
"N-Acetyl-l-phenylalanine","Streptococcus salivarius",-0.372861322010298,0.000113644395552541,0.000625044175538973,0.372861322010298,TRUE,TRUE,TRUE
"p-Hydroxyphenyllactic acid","Escherichia coli",0.385720497829249,6.23716572788053e-05,0.000686088230066858,0.385720497829249,TRUE,TRUE,TRUE
"N-Acetyl-L-aspartic acid","Eggerthella lenta",0.377940890809351,8.99325858051049e-05,0.000989258443856154,0.377940890809351,TRUE,TRUE,TRUE
"N6,N6,N6-Trimethyl-L-lysine","Bifidobacterium longum",-0.373440144006043,0.00011067550057782,0.00121743050635603,0.373440144006043,TRUE,TRUE,TRUE
"Methylimidazoleacetic acid","Bifidobacterium longum",-0.372478238151696,0.000115649811073803,0.00127214792181184,0.372478238151696,TRUE,TRUE,TRUE
"N-Acetylneuraminic acid","Eggerthella lenta",-0.353777074005787,0.000264659825262432,0.00145562903894337,0.353777074005787,TRUE,TRUE,TRUE
"Hydroxyphenylacetic acids","Eggerthella lenta",-0.352116568341405,0.000284157364401612,0.00156286550420887,0.352116568341405,TRUE,TRUE,TRUE
"N-Acetyl-L-alanine","Escherichia coli",0.345194293844988,0.000380577728427736,0.00209317750635255,0.345194293844988,TRUE,TRUE,TRUE
"Pyridoxic acid","Bifidobacterium longum",-0.351022079330033,0.000297724500826664,0.0032749695090933,0.351022079330033,TRUE,TRUE,TRUE
"Pantothenic acid","Bifidobacterium longum",-0.329237740863946,0.000727825037185064,0.00400303770451785,0.329237740863946,TRUE,TRUE,TRUE
"Phenylacetyl-L-glutamine","Bifidobacterium breve",-0.321886678454994,0.000969969654175083,0.00533483309796296,0.321886678454994,TRUE,TRUE,TRUE
"Indolelactic acid","Bifidobacterium longum",-0.321825407515745,0.000972265304532903,0.00534745917493097,0.321825407515745,TRUE,TRUE,TRUE
"Guanidinosuccinic acid","Bifidobacterium longum",-0.336118196857391,0.000552647862250321,0.00607912648475353,0.336118196857391,TRUE,TRUE,TRUE
"p-Hydroxyphenyllactic acid","Veillonella atypica",0.309607003200102,0.00154271728755556,0.00848494508155558,0.309607003200102,TRUE,TRUE,TRUE
"Butyrylcarnitine","Veillonella atypica",0.311499757511865,0.00143804630118955,0.00947647640405063,0.311499757511865,TRUE,TRUE,TRUE
"Butyrylcarnitine","Veillonella parvula",0.292134612017068,0.00288878226119692,0.00947647640405063,0.292134612017068,TRUE,TRUE,TRUE
"Butyrylcarnitine","Escherichia coli",0.289761509593371,0.00313653067602413,0.00947647640405063,0.289761509593371,TRUE,TRUE,TRUE
"Butyrylcarnitine","Bifidobacterium dentium",0.285808806181208,0.00359177811797583,0.00947647640405063,0.285808806181208,TRUE,TRUE,TRUE
"Butyrylcarnitine","Eggerthella lenta",-0.280420776894898,0.00430748927456847,0.00947647640405063,0.280420776894898,TRUE,TRUE,TRUE
"Pantothenic acid","Escherichia coli",0.292998625733434,0.00280304447087971,0.0102778297265589,0.292998625733434,TRUE,TRUE,TRUE
"Hexose alcohols","Bifidobacterium longum",-0.321644342884339,0.000979078276555369,0.0107698610421091,0.321644342884339,TRUE,TRUE,TRUE
"N-Formyl-L-methionine","Veillonella parvula",-0.30395392608145,0.00189777444554569,0.0117530700093873,0.30395392608145,TRUE,TRUE,TRUE
"N-Formyl-L-methionine","Prevotella denticola",-0.294749822867656,0.00263625462067703,0.0117530700093873,0.294749822867656,TRUE,TRUE,TRUE
"N-Formyl-L-methionine","Bifidobacterium longum",-0.289131925007421,0.00320538272983291,0.0117530700093873,0.289131925007421,TRUE,TRUE,TRUE
"N-Acetyl-l-phenylalanine","Eggerthella lenta",-0.2865092976643,0.00350702122954473,0.012859077841664,0.2865092976643,TRUE,TRUE,TRUE
"Hexoses","Bifidobacterium longum",-0.315024167298541,0.00126015595914758,0.0138617155506234,0.315024167298541,TRUE,TRUE,TRUE
"Pentose alcohols","Eggerthella lenta",-0.294696513092851,0.00264119717618919,0.0145265844690406,0.294696513092851,TRUE,TRUE,TRUE
"Galacturonic acid","Bifidobacterium dentium",-0.29023390217409,0.0030857443735166,0.0169715940543413,0.29023390217409,TRUE,TRUE,TRUE
"Orotidine","Eggerthella lenta",-0.288308178800714,0.0032975159699532,0.0181363378347426,0.288308178800714,TRUE,TRUE,TRUE
"N-Acetyl-l-phenylalanine","Haemophilus parainfluenzae",-0.263564702534219,0.00743806405515387,0.0204546761516731,0.263564702534219,TRUE,TRUE,TRUE
"N-Acetylglycine","Veillonella atypica",-0.303430050506027,0.00193416010404077,0.0212757611444484,0.303430050506027,TRUE,TRUE,TRUE
"Pseudouridine","Eggerthella lenta",-0.283551521949619,0.00387752602109281,0.0213263931160105,0.283551521949619,TRUE,TRUE,TRUE
"Pentose alcohols","Bifidobacterium dentium",-0.267020657300232,0.00666799807016839,0.0244493262572841,0.267020657300232,TRUE,TRUE,TRUE
"Glucuronic acid","Eggerthella lenta",-0.278864052834539,0.00453673462617903,0.0249520404439847,0.278864052834539,TRUE,TRUE,TRUE
"Quinolinic acid","Eggerthella lenta",-0.273034986075197,0.00549485185224738,0.0250307896264722,0.273034986075197,TRUE,TRUE,TRUE
"Quinolinic acid","Escherichia coli",0.266281098990006,0.00682657898903787,0.0250307896264722,0.266281098990006,TRUE,TRUE,TRUE
"N-Acetyl-l-phenylalanine","Veillonella atypica",-0.247690136103343,0.0120745217490438,0.0265639478478964,0.247690136103343,TRUE,TRUE,TRUE
"Pyridoxic acid","Eggerthella lenta",-0.275087555577003,0.00513870354966859,0.0282628695231772,0.275087555577003,TRUE,TRUE,TRUE
"Glucuronic acid","Bifidobacterium dentium",-0.260966761495297,0.00806764072382244,0.0295813493206823,0.260966761495297,TRUE,TRUE,TRUE
"Tartaric acid","Haemophilus parainfluenzae",-0.285069319364622,0.00368324000773589,0.0327205967112867,0.285069319364622,TRUE,TRUE,TRUE
"Tartaric acid","Bifidobacterium longum",-0.262515424190675,0.00768691952457548,0.0327205967112867,0.262515424190675,TRUE,TRUE,TRUE
"Tartaric acid","Prevotella denticola",-0.257706821467877,0.00892379910307818,0.0327205967112867,0.257706821467877,TRUE,TRUE,TRUE
"Phenylacetyl-L-glutamine","Escherichia coli",0.256954582558493,0.0091323542614398,0.0334852989586126,0.256954582558493,TRUE,TRUE,TRUE
"Methylimidazoleacetic acid","Eggerthella lenta",-0.268993269162933,0.00626085729200442,0.0344347151060243,0.268993269162933,TRUE,TRUE,TRUE
"Glucuronic acid","Prevotella denticola",-0.244298898611178,0.0133420749017425,0.0366907059797919,0.244298898611178,TRUE,TRUE,TRUE
"Thiodiacetic acid","Eggerthella lenta",-0.283205583269539,0.00392307089912868,0.0431537798904154,0.283205583269539,TRUE,TRUE,TRUE
"N6-Acetyl-L-lysine","Escherichia coli",0.261793278886735,0.00786243137741311,0.0432433725757721,0.261793278886735,TRUE,TRUE,TRUE
"N-Acetyl-L-tryptophan","Veillonella parvula",-0.269577156774462,0.00614464914996799,0.0443720239810234,0.269577156774462,TRUE,TRUE,TRUE
"N-Acetyl-L-tryptophan","Bifidobacterium dentium",-0.260966761495297,0.00806764072382244,0.0443720239810234,0.260966761495297,TRUE,TRUE,TRUE
"N-Acetyl-L-alanine","Bifidobacterium dentium",-0.247452279138657,0.0121598666315751,0.0445861776491086,0.247452279138657,TRUE,TRUE,TRUE
"N8-Acetylspermidine","Bifidobacterium longum",-0.265548256766733,0.00698700290350028,0.0453104178392371,0.265548256766733,TRUE,TRUE,TRUE
"N8-Acetylspermidine","Escherichia coli",0.260293565989678,0.00823825778895219,0.0453104178392371,0.260293565989678,TRUE,TRUE,TRUE
"Phenyllactic acid","Bifidobacterium longum",-0.280497405397226,0.00429647683646424,0.0472612452011066,0.280497405397226,TRUE,TRUE,TRUE
"Galacturonic acid","Eggerthella lenta",-0.244160637577883,0.0133961232512914,0.0491191185880685,0.244160637577883,TRUE,TRUE,TRUE
"Butyrylcarnitine","Bifidobacterium breve",0.21417129180216,0.0306557165255591,0.0506718220062023,0.21417129180216,TRUE,FALSE,TRUE
"Butyrylcarnitine","Streptococcus salivarius",0.212219516770618,0.0322457049130378,0.0506718220062023,0.212219516770618,TRUE,FALSE,TRUE
"Kynurenine","Escherichia coli",0.27825050569671,0.00463003590605366,0.0509303949665903,0.27825050569671,TRUE,FALSE,TRUE
"p-Hydroxyphenyllactic acid","Veillonella parvula",0.242474246937174,0.0140708552016713,0.0515931357394616,0.242474246937174,TRUE,FALSE,TRUE
"Kynurenine","Veillonella atypica",0.252269014797667,0.0105305054178573,0.0579177797982154,0.252269014797667,TRUE,FALSE,TRUE
"p-Hydroxyphenyllactic acid","Streptococcus salivarius",0.228097467386005,0.0211237949052692,0.0580904359894903,0.228097467386005,TRUE,FALSE,TRUE
"N-Formyl-L-methionine","Eggerthella lenta",-0.22525508871153,0.0228301655533491,0.06278295527171,0.22525508871153,TRUE,FALSE,TRUE
"Orotidine","Prevotella denticola",-0.234094571397311,0.0178794191230121,0.0655578701177109,0.234094571397311,TRUE,FALSE,TRUE
"Hydroxycaproic acid","Bifidobacterium longum",-0.247917088283531,0.0119935775302327,0.0672427449826053,0.247917088283531,TRUE,FALSE,TRUE
"Hydroxycaproic acid","Streptococcus salivarius",0.241025354006137,0.0146739633807474,0.0672427449826053,0.241025354006137,TRUE,FALSE,TRUE
"Hydroxycaproic acid","Veillonella parvula",0.233190877652889,0.0183389304498015,0.0672427449826053,0.233190877652889,TRUE,FALSE,TRUE
"Hexanoylcarnitine","Bifidobacterium longum",-0.269622210973377,0.00613576226030987,0.0674933848634086,0.269622210973377,TRUE,FALSE,TRUE
"p-Anisic acid","Bifidobacterium dentium",-0.253392272858832,0.0101792631980478,0.0679676175321502,0.253392272858832,TRUE,FALSE,TRUE
"p-Anisic acid","Prevotella denticola",-0.241521434455278,0.0144649885466046,0.0679676175321502,0.241521434455278,TRUE,FALSE,TRUE
"p-Anisic acid","Eggerthella lenta",-0.232808083226602,0.0185366229633137,0.0679676175321502,0.232808083226602,TRUE,FALSE,TRUE
"Kynurenine","Veillonella parvula",0.232624818550189,0.0186319175527698,0.0683170310268225,0.232624818550189,TRUE,FALSE,TRUE
"Succinate","Bifidobacterium dentium",-0.255590583094678,0.00952146646016503,0.0707742649449766,0.255590583094678,TRUE,FALSE,TRUE
"Succinate","Eggerthella lenta",0.245532861008865,0.0128680481718139,0.0707742649449766,0.245532861008865,TRUE,FALSE,TRUE
"Threitol","Eggerthella lenta",-0.244668014308666,0.0131987108145016,0.0725929094797588,0.244668014308666,TRUE,FALSE,TRUE
"Galacturonic acid","Streptococcus salivarius",-0.219845261345224,0.0264051182150969,0.0726140750915164,0.219845261345224,TRUE,FALSE,TRUE
"N-Acetyl-l-phenylalanine","Prevotella melaninogenica",-0.201262602005035,0.0425186975645411,0.077950945534992,0.201262602005035,TRUE,FALSE,TRUE
"N-Acetyl-l-phenylalanine","Bifidobacterium dentium",-0.194863686605484,0.0496892976791,0.0780831820671572,0.194863686605484,TRUE,FALSE,TRUE
"Tartaric acid","Eggerthella lenta",-0.216814184917586,0.0286088045440078,0.0786742124960215,0.216814184917586,TRUE,FALSE,TRUE
"Galacturonic acid","Veillonella parvula",-0.200183971374436,0.0436631511593393,0.0840530633951216,0.200183971374436,TRUE,FALSE,TRUE
"Galacturonic acid","Haemophilus parainfluenzae",-0.192766343767309,0.0522464782524276,0.0840530633951216,0.192766343767309,FALSE,FALSE,TRUE
"Galacturonic acid","Prevotella denticola",-0.191778192846741,0.0534883130696229,0.0840530633951216,0.191778192846741,FALSE,FALSE,TRUE
"Hydroxypentanoic acid","Bifidobacterium longum",-0.262096712230547,0.00778825812735927,0.0856708394009519,0.262096712230547,TRUE,FALSE,TRUE
"Glucuronic acid","Veillonella parvula",-0.203438811214963,0.0402856582931507,0.0886284482449315,0.203438811214963,TRUE,FALSE,TRUE
"N6-Acetyl-L-lysine","Prevotella denticola",-0.212917358394931,0.0316694040800659,0.0898090607685361,0.212917358394931,TRUE,FALSE,TRUE
"N6-Acetyl-L-lysine","Bifidobacterium dentium",-0.211726890254036,0.0326578402794677,0.0898090607685361,0.211726890254036,TRUE,FALSE,TRUE
"Succinate","Bifidobacterium longum",-0.222262493321131,0.024752830758654,0.0907603794483981,0.222262493321131,TRUE,FALSE,TRUE
"Phenylacetyl-L-glutamine","Bifidobacterium dentium",-0.211294062331952,0.0330236058284521,0.0908149160282434,0.211294062331952,TRUE,FALSE,TRUE
"Thiodiacetic acid","Bifidobacterium dentium",-0.234456051267669,0.0176984145731577,0.0973412801523671,0.234456051267669,TRUE,FALSE,TRUE
"Guanidinosuccinic acid","Escherichia coli",0.229354205958683,0.0204049471753578,0.0994831067517026,0.229354205958683,TRUE,FALSE,TRUE
"Guanidinosuccinic acid","Veillonella atypica",0.218822799384426,0.027131756386828,0.0994831067517026,0.218822799384426,TRUE,FALSE,TRUE
"N-Acetylneuraminic acid","Haemophilus parainfluenzae",-0.215561000902894,0.0295644623949805,0.108403028781595,0.215561000902894,TRUE,FALSE,FALSE
"N-Acetyl-L-aspartic acid","Bifidobacterium dentium",-0.217034727403799,0.0284433633482308,0.114021775684616,0.217034727403799,TRUE,FALSE,FALSE
"N-Acetyl-L-aspartic acid","Escherichia coli",-0.213621368774457,0.0310968479139862,0.114021775684616,0.213621368774457,TRUE,FALSE,FALSE
"Phenylacetyl-L-glutamine","Eggerthella lenta",-0.192413976682635,0.0526865545837791,0.115910420084314,0.192413976682635,FALSE,FALSE,FALSE
"Hexadecanedioic acid","Bifidobacterium breve",0.252001021635619,0.0106158591338803,0.116774450472684,0.252001021635619,TRUE,FALSE,FALSE
"Phenylalanine","Veillonella parvula",0.233824863847913,0.0180155087383261,0.117742133720888,0.233824863847913,TRUE,FALSE,FALSE
"Phenylalanine","Prevotella denticola",0.227611285203266,0.021407660676525,0.117742133720888,0.227611285203266,TRUE,FALSE,FALSE
"Orotidine","Bifidobacterium dentium",-0.19889012530171,0.0450696402403213,0.123941510660884,0.19889012530171,TRUE,FALSE,FALSE
"Methylimidazoleacetic acid","Bifidobacterium dentium",-0.209853200959752,0.034266198933571,0.125642729423094,0.209853200959752,TRUE,FALSE,FALSE
"N-Acetyl-L-aspartic acid","Haemophilus parainfluenzae",0.198033022077452,0.0460219233052387,0.126560289089407,0.198033022077452,TRUE,FALSE,FALSE
"Quinolinic acid","Prevotella denticola",-0.197439654030274,0.0466909129676235,0.128400010660965,0.197439654030274,TRUE,FALSE,FALSE
"Guanidinosuccinic acid","Streptococcus salivarius",0.195903043128909,0.0484608998983452,0.133267474720449,0.195903043128909,TRUE,FALSE,FALSE
"Glucuronic acid","Streptococcus salivarius",-0.177433820085257,0.0744085500766995,0.136415675140616,0.177433820085257,FALSE,FALSE,FALSE
"N-Acetylglycine","Bifidobacterium longum",-0.221877730979393,0.0250097759094346,0.13755376750189,0.221877730979393,TRUE,FALSE,FALSE
"N-Acetyl-L-alanine","Prevotella denticola",-0.193277262541843,0.0516137657519577,0.141937855817884,0.193277262541843,FALSE,FALSE,FALSE
"Citric acid/Isocitric acid","Streptococcus salivarius",0.24536502343545,0.0129316481941814,0.142248130135996,0.24536502343545,TRUE,FALSE,FALSE
"N6,N6,N6-Trimethyl-L-lysine","Bifidobacterium dentium",-0.220525826301659,0.0259306927524242,0.142618810138333,0.220525826301659,TRUE,FALSE,FALSE
"Tartaric acid","Veillonella parvula",-0.180343599824792,0.069702950720718,0.15334649158558,0.180343599824792,FALSE,FALSE,FALSE
"N-Acetylneuraminic acid","Bifidobacterium dentium",-0.188137768500472,0.0582744938188076,0.160254858001721,0.188137768500472,FALSE,FALSE,FALSE
"Pentose alcohols","Haemophilus parainfluenzae",-0.1876298530109,0.0589692964289718,0.162165565179672,0.1876298530109,FALSE,FALSE,FALSE
"Pantothenic acid","Prevotella denticola",-0.179679102414192,0.0707557769069258,0.163340990177674,0.179679102414192,FALSE,FALSE,FALSE
"Pantothenic acid","Haemophilus parainfluenzae",-0.176149677818004,0.0765649581865667,0.163340990177674,0.176149677818004,FALSE,FALSE,FALSE
"Pantothenic acid","Veillonella atypica",0.167548425094524,0.0923321114867963,0.163340990177674,0.167548425094524,FALSE,FALSE,FALSE
"Pantothenic acid","Streptococcus salivarius",0.161931746349574,0.103944266476702,0.163340990177674,0.161931746349574,FALSE,FALSE,FALSE
"Citric acid/Isocitric acid","Bifidobacterium breve",0.213978831707242,0.0308094962505972,0.169452229378284,0.213978831707242,TRUE,FALSE,FALSE
"Butyrylcarnitine","Bifidobacterium longum",-0.152926056031929,0.124910803412198,0.171752354691772,0.152926056031929,FALSE,FALSE,FALSE
"Hydroxypentanoic acid","Streptococcus salivarius",0.212845978236791,0.0317279499660101,0.174503724813056,0.212845978236791,TRUE,FALSE,FALSE
"Phenylacetyl-L-glutamine","Veillonella parvula",-0.157497454439809,0.113894927342538,0.183836751466348,0.157497454439809,FALSE,FALSE,FALSE
"Phenylacetyl-L-glutamine","Prevotella denticola",-0.156180994706198,0.116987023660404,0.183836751466348,0.156180994706198,FALSE,FALSE,FALSE
"Lactic acid","Bifidobacterium longum",-0.236227103018353,0.0168342726510792,0.185176999161872,0.236227103018353,TRUE,FALSE,FALSE
"N-Acetyl-l-phenylalanine","Prevotella denticola",-0.148419314051355,0.136554214630624,0.187762045117108,0.148419314051355,FALSE,FALSE,FALSE
"Citric acid/Isocitric acid","Prevotella denticola",-0.192752207674016,0.0522640745452924,0.191634939999406,0.192752207674016,FALSE,FALSE,FALSE
"Hydroxy-methoxyphenylglycol sulfate","Bifidobacterium longum",-0.220881875506657,0.0256853943700797,0.192207101840339,0.220881875506657,TRUE,FALSE,FALSE
"Hydroxy-methoxyphenylglycol sulfate","Escherichia coli",0.209082615025626,0.0349467457891525,0.192207101840339,0.209082615025626,TRUE,FALSE,FALSE
"N-Acetyl-L-aspartic acid","Streptococcus salivarius",0.163287181158205,0.101042439145217,0.192672590292899,0.163287181158205,FALSE,FALSE,FALSE
"N-Acetyl-L-aspartic acid","Prevotella melaninogenica",-0.161402832994802,0.105094140159763,0.192672590292899,0.161402832994802,FALSE,FALSE,FALSE
"N-Acetylneuraminic acid","Veillonella parvula",-0.167601609423009,0.0922272772566025,0.202900009964525,0.167601609423009,FALSE,FALSE,FALSE
"Butyrylcarnitine","Prevotella melaninogenica",0.136068869238768,0.172679987612339,0.211053318192859,0.136068869238768,FALSE,FALSE,FALSE
"Orotidine","Escherichia coli",0.165132538200913,0.0971943744523994,0.213827623795279,0.165132538200913,FALSE,FALSE,FALSE
"Hexanoylcarnitine","Bifidobacterium breve",0.203812410222745,0.0399123329935566,0.219517831464562,0.203812410222745,TRUE,FALSE,FALSE
"Pentose alcohols","Prevotella denticola",-0.163341525584832,0.10092743321807,0.222040353079754,0.163341525584832,FALSE,FALSE,FALSE
"Phenylalanine","Bifidobacterium longum",0.176045746154639,0.0767416591218699,0.224511130304112,0.176045746154639,FALSE,FALSE,FALSE
"Phenylalanine","Veillonella atypica",0.173238021887966,0.0816404110196771,0.224511130304112,0.173238021887966,FALSE,FALSE,FALSE
"Dihydrothymine","Prevotella denticola",0.229163621334234,0.0205125898470331,0.225638488317364,0.229163621334234,TRUE,FALSE,FALSE
"Galacturonic acid","Escherichia coli",0.138556493806263,0.164889222363875,0.226722680750328,0.138556493806263,FALSE,FALSE,FALSE
"Pentose alcohols","Streptococcus salivarius",-0.153013213112954,0.124693391841104,0.22860455170869,0.153013213112954,FALSE,FALSE,FALSE
"Pyridoxic acid","Escherichia coli",0.183293212490187,0.0651814976470481,0.238998824705843,0.183293212490187,FALSE,FALSE,FALSE
"N-Formyl-L-methionine","Haemophilus parainfluenzae",-0.158444170510198,0.111710741227726,0.245763630700997,0.158444170510198,FALSE,FALSE,FALSE
"Pseudouridine","Bifidobacterium dentium",-0.181753556649737,0.0675109656788777,0.247540207489218,0.181753556649737,FALSE,FALSE,FALSE
"N-Acetyl-L-tryptophan","Veillonella atypica",-0.172229308512236,0.0834601881272571,0.248976389074953,0.172229308512236,FALSE,FALSE,FALSE
"N-Acetyl-L-tryptophan","Escherichia coli",-0.168465862338147,0.0905368687545282,0.248976389074953,0.168465862338147,FALSE,FALSE,FALSE
"N-Acetyl-l-phenylalanine","Bifidobacterium breve",-0.123930149649683,0.21460659298718,0.262296946984331,0.123930149649683,FALSE,FALSE,FALSE
"Tartaric acid","Escherichia coli",0.145143911965414,0.145521191413975,0.266788850925621,0.145143911965414,FALSE,FALSE,FALSE
"Threitol","Bifidobacterium dentium",-0.178222592022212,0.0731084107506212,0.268064172752278,0.178222592022212,FALSE,FALSE,FALSE
"Dihydrothymine","Bifidobacterium longum",-0.182745137516677,0.0660031239306176,0.274203374837831,0.182745137516677,FALSE,FALSE,FALSE
"Dihydrothymine","Bifidobacterium dentium",-0.177208863467858,0.0747827385921358,0.274203374837831,0.177208863467858,FALSE,FALSE,FALSE
"Indoleacetic acid","Bifidobacterium longum",-0.20498213756128,0.0387621092112569,0.276865299443415,0.20498213756128,TRUE,FALSE,FALSE
"Indoleacetic acid","Eggerthella lenta",-0.194322405067741,0.0503391453533482,0.276865299443415,0.194322405067741,FALSE,FALSE,FALSE
"Pyridoxic acid","Bifidobacterium breve",0.163158045466812,0.101316133910758,0.278619368254583,0.163158045466812,FALSE,FALSE,FALSE
"Hydroxycaproic acid","Escherichia coli",0.16282354626884,0.102027787774404,0.28057641637961,0.16282354626884,FALSE,FALSE,FALSE
"N-Acetylneuraminic acid","Streptococcus salivarius",-0.142186819956623,0.153991843272656,0.282318379333202,0.142186819956623,FALSE,FALSE,FALSE
"p-Anisic acid","Bifidobacterium longum",-0.155800457055507,0.117892817175681,0.283806471360798,0.155800457055507,FALSE,FALSE,FALSE
"p-Anisic acid","Escherichia coli",0.151306883078228,0.129002941527636,0.283806471360798,0.151306883078228,FALSE,FALSE,FALSE
"Glucuronic acid","Haemophilus parainfluenzae",-0.133566512514871,0.180787078251274,0.284093980109145,0.133566512514871,FALSE,FALSE,FALSE
"Pentose alcohols","Escherichia coli",0.129201680904995,0.195588379355876,0.28695337558931,0.129201680904995,FALSE,FALSE,FALSE
"Pentose alcohols","Veillonella parvula",-0.125532096910325,0.208693364064953,0.28695337558931,0.125532096910325,FALSE,FALSE,FALSE
"Hydroxyphenylacetic acids","Bifidobacterium dentium",-0.175118760212533,0.0783322117082067,0.287218109596758,0.175118760212533,FALSE,FALSE,FALSE
"Indolelactic acid","Prevotella denticola",-0.173812184978032,0.0806188335448965,0.289646438100422,0.173812184978032,FALSE,FALSE,FALSE
"Indolelactic acid","Bifidobacterium dentium",-0.161296742227043,0.105325977491063,0.289646438100422,0.161296742227043,FALSE,FALSE,FALSE
"Hydroxyphenylacetic acids","Prevotella denticola",-0.160868441062456,0.106265999034399,0.292231497344596,0.160868441062456,FALSE,FALSE,FALSE
"Pantothenic acid","Bifidobacterium breve",0.124371675749789,0.212965051134202,0.292826945309528,0.124371675749789,FALSE,FALSE,FALSE
"Decanoylcarnitine","Bifidobacterium dentium",-0.219295683786263,0.0267936035131493,0.294729638644643,0.219295683786263,TRUE,FALSE,FALSE
"N8-Acetylspermidine","Eggerthella lenta",-0.173468068303606,0.0812298667616292,0.29784284479264,0.173468068303606,FALSE,FALSE,FALSE
"p-Anisic acid","Veillonella atypica",-0.137933053737425,0.166816789965447,0.305830781603319,0.137933053737425,FALSE,FALSE,FALSE
"Succinate","Prevotella melaninogenica",-0.157205489887294,0.114575163476182,0.3150816995595,0.157205489887294,FALSE,FALSE,FALSE
"Citric acid/Isocitric acid","Escherichia coli",-0.146903952384225,0.140649126390394,0.316932123808486,0.146903952384225,FALSE,FALSE,FALSE
"Citric acid/Isocitric acid","Haemophilus parainfluenzae",0.137140752626474,0.16929045200407,0.316932123808486,0.137140752626474,FALSE,FALSE,FALSE
"Citric acid/Isocitric acid","Prevotella melaninogenica",-0.127554258934965,0.201396280647801,0.316932123808486,0.127554258934965,FALSE,FALSE,FALSE
"Citric acid/Isocitric acid","Bifidobacterium dentium",-0.127473518157895,0.201684078787218,0.316932123808486,0.127473518157895,FALSE,FALSE,FALSE
"Hydroxycaproic acid","Prevotella melaninogenica",0.145662796341645,0.144071793768149,0.316957946289928,0.145662796341645,FALSE,FALSE,FALSE
"Phenyllactic acid","Eggerthella lenta",-0.187836054816248,0.0586864104771314,0.322775257624223,0.187836054816248,FALSE,FALSE,FALSE
"N-Acetyl-l-phenylalanine","Veillonella parvula",-0.104186008147498,0.29736623200699,0.32710285520769,0.104186008147498,FALSE,FALSE,FALSE
"Hydroxyphenylacetic acids","Escherichia coli",0.143983756705426,0.148801590629637,0.327363499385202,0.143983756705426,FALSE,FALSE,FALSE
"Oxovaleric acid","Escherichia coli",-0.173525271130484,0.0811280383799333,0.328103891118122,0.173525271130484,FALSE,FALSE,FALSE
"Oxovaleric acid","Veillonella parvula",-0.169124308409273,0.0892655528797358,0.328103891118122,0.169124308409273,FALSE,FALSE,FALSE
"Oxovaleric acid","Eggerthella lenta",-0.169011224975247,0.0894828793958514,0.328103891118122,0.169011224975247,FALSE,FALSE,FALSE
"Thiodiacetic acid","Veillonella atypica",-0.153970463025712,0.122324637730137,0.329857622371311,0.153970463025712,FALSE,FALSE,FALSE
"Thiodiacetic acid","Haemophilus parainfluenzae",-0.14697583054946,0.140452814940504,0.329857622371311,0.14697583054946,FALSE,FALSE,FALSE
"Thiodiacetic acid","Prevotella denticola",-0.143587287369173,0.149935282896051,0.329857622371311,0.143587287369173,FALSE,FALSE,FALSE
"Decanoylcarnitine","Prevotella melaninogenica",-0.186886701861818,0.0599980807142257,0.329989443928241,0.186886701861818,FALSE,FALSE,FALSE
"Citric acid/Isocitric acid","Bifidobacterium longum",-0.115898338909313,0.246047316519417,0.338315060214198,0.115898338909313,FALSE,FALSE,FALSE
"Kynurenine","Bifidobacterium breve",-0.142496888218252,0.153086701054713,0.341780923603328,0.142496888218252,FALSE,FALSE,FALSE
"Kynurenine","Eggerthella lenta",-0.14172242876163,0.15535496527424,0.341780923603328,0.14172242876163,FALSE,FALSE,FALSE
"N-Acetylglycine","Veillonella parvula",-0.16688271436258,0.0936523156890548,0.343391824193201,0.16688271436258,FALSE,FALSE,FALSE
"Thiodiacetic acid","Bifidobacterium longum",-0.130745638684641,0.190255915829483,0.348802512354052,0.130745638684641,FALSE,FALSE,FALSE
"Hexadecanedioic acid","Bifidobacterium dentium",-0.141916302505321,0.154784797037603,0.351422358305014,0.141916302505321,FALSE,FALSE,FALSE
"Hexadecanedioic acid","Prevotella melaninogenica",-0.137747806481772,0.167392744079066,0.351422358305014,0.137747806481772,FALSE,FALSE,FALSE
"Hexadecanedioic acid","Haemophilus parainfluenzae",-0.135531161053037,0.174399049499312,0.351422358305014,0.135531161053037,FALSE,FALSE,FALSE
"Hexadecanedioic acid","Escherichia coli",0.126230551580636,0.206151918838302,0.351422358305014,0.126230551580636,FALSE,FALSE,FALSE
"Hexadecanedioic acid","Bifidobacterium longum",0.123435154191606,0.21645758675221,0.351422358305014,0.123435154191606,FALSE,FALSE,FALSE
"Hexadecanedioic acid","Veillonella atypica",-0.121544294846356,0.223632409830463,0.351422358305014,0.121544294846356,FALSE,FALSE,FALSE
"Quinolinic acid","Bifidobacterium dentium",-0.140133734878844,0.160086485619266,0.352190268362386,0.140133734878844,FALSE,FALSE,FALSE
"N-Acetyl-L-aspartic acid","Bifidobacterium breve",-0.121354580732397,0.224361414789408,0.352567937526213,0.121354580732397,FALSE,FALSE,FALSE
"Thiodiacetic acid","Streptococcus salivarius",-0.12039735114225,0.228065227007961,0.358388213869654,0.12039735114225,FALSE,FALSE,FALSE
"Tartaric acid","Veillonella atypica",-0.119866883839524,0.230136141676177,0.361642508348278,0.119866883839524,FALSE,FALSE,FALSE
"N-Acetylglycine","Eggerthella lenta",-0.149344611012719,0.134098757383823,0.368771582805513,0.149344611012719,FALSE,FALSE,FALSE
"Acetamidobutanoic acid","Eggerthella lenta",-0.181960862899562,0.0671934401659854,0.369563920912919,0.181960862899562,FALSE,FALSE,FALSE
"Oxovaleric acid","Veillonella atypica",-0.148496209537202,0.136348864455493,0.374959377252605,0.148496209537202,FALSE,FALSE,FALSE
"Malic acid","Veillonella atypica",-0.184503876893307,0.0633960061855714,0.376809937712738,0.184503876893307,FALSE,FALSE,FALSE
"Malic acid","Eggerthella lenta",0.170833168690333,0.0860321266949158,0.376809937712738,0.170833168690333,FALSE,FALSE,FALSE
"Malic acid","Escherichia coli",-0.162478329337819,0.102766346648929,0.376809937712738,0.162478329337819,FALSE,FALSE,FALSE
"Phenylalanine","Bifidobacterium dentium",0.135947833263956,0.173065848895404,0.378020364611639,0.135947833263956,FALSE,FALSE,FALSE
"Phenylalanine","Escherichia coli",0.126219232992733,0.206192926151803,0.378020364611639,0.126219232992733,FALSE,FALSE,FALSE
"Oxovaleric acid","Bifidobacterium dentium",0.13607312555719,0.17266643006084,0.379866146133849,0.13607312555719,FALSE,FALSE,FALSE
"Oxovaleric acid","Prevotella denticola",0.122060037788241,0.221659028548784,0.380876841143803,0.122060037788241,FALSE,FALSE,FALSE
"Oxovaleric acid","Bifidobacterium breve",-0.11679780495566,0.242376171636966,0.380876841143803,0.11679780495566,FALSE,FALSE,FALSE
"Hexadecanedioic acid","Streptococcus salivarius",0.107133453372079,0.283833326830888,0.390270824392471,0.107133453372079,FALSE,FALSE,FALSE
"N8-Acetylspermidine","Haemophilus parainfluenzae",-0.145496426529757,0.144535321778314,0.397472134890365,0.145496426529757,FALSE,FALSE,FALSE
"Dihydrothymine","Veillonella parvula",0.139360920789293,0.162426542404285,0.399560264172957,0.139360920789293,FALSE,FALSE,FALSE
"Dihydrothymine","Bifidobacterium breve",-0.125639648139838,0.208300570923796,0.399560264172957,0.125639648139838,FALSE,FALSE,FALSE
"Dihydrothymine","Veillonella atypica",-0.123040364122719,0.217941962276158,0.399560264172957,0.123040364122719,FALSE,FALSE,FALSE
"Phenylacetyl-L-glutamine","Prevotella melaninogenica",-0.105518207620545,0.291197839961747,0.400397029947403,0.105518207620545,FALSE,FALSE,FALSE
"Pantothenic acid","Veillonella parvula",0.0974272624612567,0.329977053268233,0.403305287327841,0.0974272624612567,FALSE,FALSE,FALSE
"Dihydrothymine","Streptococcus salivarius",-0.113284165949058,0.256934224729934,0.403753781718468,0.113284165949058,FALSE,FALSE,FALSE
"Quinolinic acid","Veillonella atypica",0.121725636576824,0.222937138247703,0.408718086787455,0.121725636576824,FALSE,FALSE,FALSE
"Butyrylcarnitine","Haemophilus parainfluenzae",0.0865451351526291,0.387085477492103,0.425794025241314,0.0865451351526291,FALSE,FALSE,FALSE
"N6,N6,N6-Trimethyl-L-lysine","Eggerthella lenta",-0.156511307335035,0.11620515245766,0.426085559011421,0.156511307335035,FALSE,FALSE,FALSE
"Thiodiacetic acid","Prevotella melaninogenica",-0.101110997357661,0.311930406529653,0.428904308978273,0.101110997357661,FALSE,FALSE,FALSE
"N6-Acetyl-L-lysine","Eggerthella lenta",-0.129274401923431,0.195334821695307,0.429736607729675,0.129274401923431,FALSE,FALSE,FALSE
"p-Hydroxyphenyllactic acid","Bifidobacterium longum",-0.118569042222558,0.235258266015509,0.432796261810357,0.118569042222558,FALSE,FALSE,FALSE
"p-Hydroxyphenyllactic acid","Bifidobacterium breve",0.105425677582412,0.291623516748887,0.432796261810357,0.105425677582412,FALSE,FALSE,FALSE
"p-Hydroxyphenyllactic acid","Prevotella melaninogenica",0.10112598786876,0.311858302523902,0.432796261810357,0.10112598786876,FALSE,FALSE,FALSE
"p-Hydroxyphenyllactic acid","Prevotella denticola",0.0945821663719302,0.344361744260491,0.432796261810357,0.0945821663719302,FALSE,FALSE,FALSE
"p-Hydroxyphenyllactic acid","Eggerthella lenta",-0.092697152149676,0.354106032390292,0.432796261810357,0.092697152149676,FALSE,FALSE,FALSE
"Oxovaleric acid","Haemophilus parainfluenzae",-0.100155652133897,0.316547914751397,0.43525338278317,0.100155652133897,FALSE,FALSE,FALSE
"N-Acetyl-L-tryptophan","Prevotella melaninogenica",-0.128318775000976,0.198685797281032,0.437108754018271,0.128318775000976,FALSE,FALSE,FALSE
"Threitol","Escherichia coli",0.137724577595443,0.167465068932276,0.450996190869874,0.137724577595443,FALSE,FALSE,FALSE
"Threitol","Prevotella denticola",-0.126549637382709,0.204998268577216,0.450996190869874,0.126549637382709,FALSE,FALSE,FALSE
"Hydroxy-methoxyphenylglycol sulfate","Bifidobacterium breve",0.141642138973175,0.155591550848234,0.453023706549167,0.141642138973175,FALSE,FALSE,FALSE
"Hydroxy-methoxyphenylglycol sulfate","Veillonella parvula",-0.137758973528651,0.167357982880934,0.453023706549167,0.137758973528651,FALSE,FALSE,FALSE
"Hydroxy-methoxyphenylglycol sulfate","Bifidobacterium dentium",-0.126294631580641,0.205919866613258,0.453023706549167,0.126294631580641,FALSE,FALSE,FALSE
"Guanidinosuccinic acid","Eggerthella lenta",-0.107226576713021,0.283412563578512,0.457385393336819,0.107226576713021,FALSE,FALSE,FALSE
"Guanidinosuccinic acid","Prevotella melaninogenica",0.107122192308058,0.283884236405851,0.457385393336819,0.107122192308058,FALSE,FALSE,FALSE
"Guanidinosuccinic acid","Prevotella denticola",0.105547442669605,0.29106343212343,0.457385393336819,0.105547442669605,FALSE,FALSE,FALSE
"Tartaric acid","Prevotella melaninogenica",0.0948899352518899,0.342786939702937,0.458238981465988,0.0948899352518899,FALSE,FALSE,FALSE
"Tartaric acid","Bifidobacterium dentium",-0.0887752848610675,0.374922803017626,0.458238981465988,0.0887752848610675,FALSE,FALSE,FALSE
"p-Anisic acid","Haemophilus parainfluenzae",-0.0978359466310029,0.32794270345393,0.460874557440567,0.0978359466310029,FALSE,FALSE,FALSE
"p-Anisic acid","Prevotella melaninogenica",-0.0963889863617143,0.335181496320413,0.460874557440567,0.0963889863617143,FALSE,FALSE,FALSE
"Hexose alcohols","Eggerthella lenta",-0.14822031030246,0.137086747483044,0.465162098305343,0.14822031030246,FALSE,FALSE,FALSE
"Hexose alcohols","Escherichia coli",0.141335207136283,0.156498453355032,0.465162098305343,0.141335207136283,FALSE,FALSE,FALSE
"Hexose alcohols","Prevotella denticola",-0.136251738201263,0.172098205899035,0.465162098305343,0.136251738201263,FALSE,FALSE,FALSE
"Hexose alcohols","Haemophilus parainfluenzae",-0.124784770253914,0.211437317411519,0.465162098305343,0.124784770253914,FALSE,FALSE,FALSE
"Succinate","Veillonella atypica",-0.114471967358093,0.251947393859638,0.466738765595472,0.114471967358093,FALSE,FALSE,FALSE
"Succinate","Prevotella denticola",-0.113841787683114,0.254584781233894,0.466738765595472,0.113841787683114,FALSE,FALSE,FALSE
"Phenyllactic acid","Escherichia coli",0.15126726802057,0.129104330902857,0.473382546643808,0.15126726802057,FALSE,FALSE,FALSE
"p-Anisic acid","Bifidobacterium breve",0.0857098390353611,0.391701299133247,0.478746032273969,0.0857098390353611,FALSE,FALSE,FALSE
"Hexose alcohols","Veillonella parvula",-0.112184423268653,0.261611136794993,0.479620417457487,0.112184423268653,FALSE,FALSE,FALSE
"Hydroxycaproic acid","Bifidobacterium breve",0.111810824260871,0.263213059222028,0.482557275240385,0.111810824260871,FALSE,FALSE,FALSE
"Hydroxypentanoic acid","Veillonella parvula",0.149351863951952,0.134079644027339,0.491625361433577,0.149351863951952,FALSE,FALSE,FALSE
"Decanoylcarnitine","Prevotella denticola",-0.122394855385117,0.22038451638518,0.492915853953853,0.122394855385117,FALSE,FALSE,FALSE
"Decanoylcarnitine","Bifidobacterium longum",-0.114314023384507,0.252606641865804,0.492915853953853,0.114314023384507,FALSE,FALSE,FALSE
"Decanoylcarnitine","Bifidobacterium breve",0.108991849929423,0.275515148566628,0.492915853953853,0.108991849929423,FALSE,FALSE,FALSE
"Decanoylcarnitine","Veillonella atypica",-0.107773657188922,0.28094907185196,0.492915853953853,0.107773657188922,FALSE,FALSE,FALSE
"Decanoylcarnitine","Streptococcus salivarius",0.100749241521344,0.313673725243361,0.492915853953853,0.100749241521344,FALSE,FALSE,FALSE
"Hydroxyphenylacetic acids","Veillonella atypica",-0.105200871387903,0.292659434374929,0.497857260716042,0.105200871387903,FALSE,FALSE,FALSE
"Hydroxyphenylacetic acids","Streptococcus salivarius",-0.100099999638219,0.3168182568193,0.497857260716042,0.100099999638219,FALSE,FALSE,FALSE
"Kynurenine","Bifidobacterium longum",-0.0998854355693066,0.317861936381356,0.501767307628478,0.0998854355693066,FALSE,FALSE,FALSE
"Kynurenine","Prevotella denticola",0.0995892113433877,0.319306468490849,0.501767307628478,0.0995892113433877,FALSE,FALSE,FALSE
"N6-Acetyl-L-lysine","Veillonella parvula",0.0998386742387598,0.318089686366789,0.504052458348209,0.0998386742387598,FALSE,FALSE,FALSE
"N6-Acetyl-L-lysine","Prevotella melaninogenica",-0.0952946790515425,0.340722843556668,0.504052458348209,0.0952946790515425,FALSE,FALSE,FALSE
"N6-Acetyl-L-lysine","Streptococcus salivarius",0.0886129743902861,0.375800073006562,0.504052458348209,0.0886129743902861,FALSE,FALSE,FALSE
"N6-Acetyl-L-lysine","Bifidobacterium breve",-0.0794435647684692,0.427365579502116,0.504052458348209,0.0794435647684692,FALSE,FALSE,FALSE
"N6-Acetyl-L-lysine","Veillonella atypica",0.0742594386267551,0.458229507589281,0.504052458348209,0.0742594386267551,FALSE,FALSE,FALSE
"Lactic acid","Bifidobacterium breve",-0.167131780367768,0.0931566452475036,0.51236154886127,0.167131780367768,FALSE,FALSE,FALSE
"Decanoylcarnitine","Eggerthella lenta",-0.08880534199878,0.374760484449647,0.515295666118264,0.08880534199878,FALSE,FALSE,FALSE
"Dihydrothymine","Eggerthella lenta",-0.0807565020422601,0.419742653584855,0.517894713725276,0.0807565020422601,FALSE,FALSE,FALSE
"Dihydrothymine","Escherichia coli",-0.0800676908210192,0.423732038502498,0.517894713725276,0.0800676908210192,FALSE,FALSE,FALSE
"Cystathionine","Veillonella parvula",-0.196844222668505,0.0473703111949007,0.521073423143908,0.196844222668505,TRUE,FALSE,FALSE
"Hydroxycaproic acid","Bifidobacterium dentium",0.0888493212161608,0.374523059122632,0.528093489756663,0.0888493212161608,FALSE,FALSE,FALSE
"Hydroxycaproic acid","Prevotella denticola",0.0870944273872583,0.3840679925503,0.528093489756663,0.0870944273872583,FALSE,FALSE,FALSE
"N-Acetylneuraminic acid","Veillonella atypica",-0.0941956951201101,0.346345685404177,0.53228947882714,0.0941956951201101,FALSE,FALSE,FALSE
"N-Acetylneuraminic acid","Prevotella denticola",-0.0865389345560784,0.387119620965193,0.53228947882714,0.0865389345560784,FALSE,FALSE,FALSE
"Lactic acid","Veillonella atypica",-0.14496004579307,0.146037413977871,0.535470517918859,0.14496004579307,FALSE,FALSE,FALSE
"Hexoses","Eggerthella lenta",-0.163631878500008,0.100314715875823,0.535673031614389,0.163631878500008,FALSE,FALSE,FALSE
"Hexoses","Bifidobacterium dentium",-0.144940402855669,0.146092644985742,0.535673031614389,0.144940402855669,FALSE,FALSE,FALSE
"Pyridoxic acid","Haemophilus parainfluenzae",-0.116227897403951,0.244697802256701,0.538335164964742,0.116227897403951,FALSE,FALSE,FALSE
"Pyridoxic acid","Veillonella atypica",0.096020446282947,0.33704128736998,0.544024587944055,0.096020446282947,FALSE,FALSE,FALSE
"Pyridoxic acid","Prevotella denticola",-0.0942245203025404,0.346197465055308,0.544024587944055,0.0942245203025404,FALSE,FALSE,FALSE
"N-Formyl-L-methionine","Bifidobacterium dentium",-0.104066639739947,0.297923103771976,0.546192356915289,0.104066639739947,FALSE,FALSE,FALSE
"N-Acetyl-L-aspartic acid","Veillonella atypica",-0.0839952227812701,0.401278693470496,0.551758203521932,0.0839952227812701,FALSE,FALSE,FALSE
"N-Formyl-L-methionine","Bifidobacterium breve",-0.0805587012007887,0.420886024550102,0.557321043056422,0.0805587012007887,FALSE,FALSE,FALSE
"N-Formyl-L-methionine","Escherichia coli",-0.0762420081100347,0.446283218437974,0.557321043056422,0.0762420081100347,FALSE,FALSE,FALSE
"N-Formyl-L-methionine","Streptococcus salivarius",0.0716871245951172,0.473989259894595,0.557321043056422,0.0716871245951172,FALSE,FALSE,FALSE
"N-Formyl-L-methionine","Prevotella melaninogenica",0.0664979072318141,0.506655493687656,0.557321043056422,0.0664979072318141,FALSE,FALSE,FALSE
"Indoleacetic acid","Prevotella melaninogenica",-0.129772854577506,0.193603245515341,0.557455150771981,0.129772854577506,FALSE,FALSE,FALSE
"Indoleacetic acid","Prevotella denticola",-0.115538704140006,0.247525844277322,0.557455150771981,0.115538704140006,FALSE,FALSE,FALSE
"Indoleacetic acid","Veillonella parvula",0.111397601115899,0.264992633401219,0.557455150771981,0.111397601115899,FALSE,FALSE,FALSE
"Indoleacetic acid","Haemophilus parainfluenzae",0.102759403208575,0.304066445875626,0.557455150771981,0.102759403208575,FALSE,FALSE,FALSE
"N-Formyl-L-methionine","Veillonella atypica",-0.0584940419341702,0.559233520983648,0.559233520983648,0.0584940419341702,FALSE,FALSE,FALSE
"Hydroxy-methoxyphenylglycol sulfate","Streptococcus salivarius",0.10175727497146,0.308831650307134,0.566191358896413,0.10175727497146,FALSE,FALSE,FALSE
"N-Acetyl-L-aspartic acid","Bifidobacterium longum",-0.0727483739372671,0.467452021413674,0.57133024839449,0.0727483739372671,FALSE,FALSE,FALSE
"Pyridoxic acid","Prevotella melaninogenica",0.0811736175969958,0.417337455222308,0.573839000930674,0.0811736175969958,FALSE,FALSE,FALSE
"Indolelactic acid","Streptococcus salivarius",-0.110106297784286,0.270606259462936,0.575975457217863,0.110106297784286,FALSE,FALSE,FALSE
"Indolelactic acid","Haemophilus parainfluenzae",-0.0877049879040763,0.380730626500446,0.575975457217863,0.0877049879040763,FALSE,FALSE,FALSE
"Indolelactic acid","Escherichia coli",0.0817654790063674,0.413938393946347,0.575975457217863,0.0817654790063674,FALSE,FALSE,FALSE
"Indolelactic acid","Bifidobacterium breve",-0.0809039972534359,0.418891241612991,0.575975457217863,0.0809039972534359,FALSE,FALSE,FALSE
"Guanidinosuccinic acid","Haemophilus parainfluenzae",0.0798700642157289,0.424880652000746,0.584210896501025,0.0798700642157289,FALSE,FALSE,FALSE
"Hexanoylcarnitine","Eggerthella lenta",-0.135639673636896,0.174051123279714,0.584416251843355,0.135639673636896,FALSE,FALSE,FALSE
"Hexanoylcarnitine","Escherichia coli",0.124493148337629,0.212515000670311,0.584416251843355,0.124493148337629,FALSE,FALSE,FALSE
"N8-Acetylspermidine","Bifidobacterium dentium",0.0877387758897617,0.380546452767295,0.588658162085273,0.0877387758897617,FALSE,FALSE,FALSE
"N8-Acetylspermidine","Prevotella melaninogenica",0.0789100504211609,0.430485719079084,0.588658162085273,0.0789100504211609,FALSE,FALSE,FALSE
"N8-Acetylspermidine","Bifidobacterium breve",0.077071777128155,0.441335643028589,0.588658162085273,0.077071777128155,FALSE,FALSE,FALSE
"N8-Acetylspermidine","Veillonella parvula",0.0719829057948796,0.472162305227461,0.588658162085273,0.0719829057948796,FALSE,FALSE,FALSE
"N8-Acetylspermidine","Streptococcus salivarius",0.0657471308749418,0.511476284957828,0.588658162085273,0.0657471308749418,FALSE,FALSE,FALSE
"N8-Acetylspermidine","Prevotella denticola",0.0621124689658378,0.535143783713885,0.588658162085273,0.0621124689658378,FALSE,FALSE,FALSE
"N-Acetyl-L-tryptophan","Bifidobacterium longum",-0.099036695109589,0.322012091067864,0.590355500291084,0.099036695109589,FALSE,FALSE,FALSE
"Phenylacetyl-L-glutamine","Veillonella atypica",-0.0689665268687126,0.490971718423131,0.591198583320584,0.0689665268687126,FALSE,FALSE,FALSE
"Phenylacetyl-L-glutamine","Haemophilus parainfluenzae",-0.0617621590145634,0.537453257564167,0.591198583320584,0.0617621590145634,FALSE,FALSE,FALSE
"Hydroxyphenylacetic acids","Haemophilus parainfluenzae",-0.0788167285537004,0.431032826031625,0.592670135793484,0.0788167285537004,FALSE,FALSE,FALSE
"Cystathionine","Eggerthella lenta",-0.159682411902432,0.108903262491114,0.598967943701125,0.159682411902432,FALSE,FALSE,FALSE
"Hexose alcohols","Prevotella melaninogenica",0.0862853818814973,0.388517353271138,0.601635538104609,0.0862853818814973,FALSE,FALSE,FALSE
"Hexose alcohols","Bifidobacterium dentium",-0.0777096973267427,0.437553118621534,0.601635538104609,0.0777096973267427,FALSE,FALSE,FALSE
"p-Anisic acid","Streptococcus salivarius",-0.0602285748683743,0.547621342684172,0.602383476952589,0.0602285748683743,FALSE,FALSE,FALSE
"Phenylacetyl-L-glutamine","Streptococcus salivarius",-0.0520276247657353,0.603531183561637,0.603531183561637,0.0520276247657353,FALSE,FALSE,FALSE
"Octanoylcarnitine","Bifidobacterium dentium",-0.164503085913006,0.0984937673180775,0.609098909237937,0.164503085913006,FALSE,FALSE,FALSE
"Octanoylcarnitine","Bifidobacterium longum",-0.158867239249953,0.110745256225079,0.609098909237937,0.158867239249953,FALSE,FALSE,FALSE
"N-Acetylglycine","Haemophilus parainfluenzae",-0.108179939536767,0.27912888340061,0.614083543481342,0.108179939536767,FALSE,FALSE,FALSE
"Hydroxyphenylacetic acids","Bifidobacterium breve",-0.0662770300396609,0.508071315916217,0.620976052786487,0.0662770300396609,FALSE,FALSE,FALSE
"Galacturonic acid","Bifidobacterium breve",-0.0661807999922019,0.508688788998101,0.62173074210879,0.0661807999922019,FALSE,FALSE,FALSE
"Octanoylcarnitine","Escherichia coli",0.1331292309071,0.182231885235227,0.623609931659585,0.1331292309071,FALSE,FALSE,FALSE
"Octanoylcarnitine","Bifidobacterium breve",0.11337880797535,0.256534425912271,0.623609931659585,0.11337880797535,FALSE,FALSE,FALSE
"Octanoylcarnitine","Eggerthella lenta",-0.105658321363327,0.290554041959393,0.623609931659585,0.105658321363327,FALSE,FALSE,FALSE
"Octanoylcarnitine","Prevotella denticola",-0.0911426765131175,0.362269401890165,0.623609931659585,0.0911426765131175,FALSE,FALSE,FALSE
"Octanoylcarnitine","Prevotella melaninogenica",-0.0847863307716728,0.396842683783373,0.623609931659585,0.0847863307716728,FALSE,FALSE,FALSE
"Hydroxyphenylacetic acids","Prevotella melaninogenica",-0.0515223866446675,0.607056743577594,0.636928512443996,0.0515223866446675,FALSE,FALSE,FALSE
"Hydroxyphenylacetic acids","Veillonella parvula",-0.0472914077350939,0.636928512443996,0.636928512443996,0.0472914077350939,FALSE,FALSE,FALSE
"Hexanoylcarnitine","Bifidobacterium dentium",0.0945842911837701,0.34435085637075,0.639711936801944,0.0945842911837701,FALSE,FALSE,FALSE
"Hexanoylcarnitine","Haemophilus parainfluenzae",-0.0936936153758343,0.348933783710151,0.639711936801944,0.0936936153758343,FALSE,FALSE,FALSE
"Pentose alcohols","Veillonella atypica",-0.0633449332241963,0.527057933909065,0.644181919222191,0.0633449332241963,FALSE,FALSE,FALSE
"Cystathionine","Bifidobacterium dentium",-0.119449116286633,0.231776326684248,0.650251271299817,0.119449116286633,FALSE,FALSE,FALSE
"Cystathionine","Bifidobacterium breve",-0.107503114489321,0.282165524542603,0.650251271299817,0.107503114489321,FALSE,FALSE,FALSE
"Cystathionine","Veillonella atypica",0.103920145416471,0.298607459295633,0.650251271299817,0.103920145416471,FALSE,FALSE,FALSE
"Cystathionine","Haemophilus parainfluenzae",-0.0836455032740111,0.403248997535824,0.650251271299817,0.0836455032740111,FALSE,FALSE,FALSE
"Cystathionine","Bifidobacterium longum",-0.081790288968126,0.413796263554429,0.650251271299817,0.081790288968126,FALSE,FALSE,FALSE
"Lactic acid","Bifidobacterium dentium",-0.117803231161867,0.23831766854786,0.655373588506616,0.117803231161867,FALSE,FALSE,FALSE
"Pseudouridine","Escherichia coli",0.107254938962394,0.283284495900834,0.661024713480768,0.107254938962394,FALSE,FALSE,FALSE
"Pseudouridine","Veillonella atypica",-0.103523460381072,0.300465778854895,0.661024713480768,0.103523460381072,FALSE,FALSE,FALSE
"Quinolinic acid","Prevotella melaninogenica",0.0696159335402491,0.486888981171949,0.661877365092849,0.0696159335402491,FALSE,FALSE,FALSE
"Quinolinic acid","Veillonella parvula",0.0566936494309454,0.571409727655741,0.661877365092849,0.0566936494309454,FALSE,FALSE,FALSE
"Quinolinic acid","Haemophilus parainfluenzae",-0.054021917183477,0.589704400938018,0.661877365092849,0.054021917183477,FALSE,FALSE,FALSE
"Quinolinic acid","Streptococcus salivarius",0.0522895995606807,0.601706695538954,0.661877365092849,0.0522895995606807,FALSE,FALSE,FALSE
"Hexoses","Prevotella melaninogenica",0.110360142705279,0.26949643909987,0.662385548294048,0.110360142705279,FALSE,FALSE,FALSE
"Hexoses","Haemophilus parainfluenzae",-0.0807577066275508,0.41973569609509,0.662385548294048,0.0807577066275508,FALSE,FALSE,FALSE
"Hexoses","Veillonella parvula",-0.0736471195568184,0.461954521147966,0.662385548294048,0.0736471195568184,FALSE,FALSE,FALSE
"Hexoses","Escherichia coli",0.0720994049377852,0.471443774129382,0.662385548294048,0.0720994049377852,FALSE,FALSE,FALSE
"Hexoses","Streptococcus salivarius",0.0704398967670075,0.481734944213853,0.662385548294048,0.0704398967670075,FALSE,FALSE,FALSE
"Tartaric acid","Streptococcus salivarius",-0.0512929563190406,0.608660697263675,0.669526766990042,0.0512929563190406,FALSE,FALSE,FALSE
"Quinolinic acid","Bifidobacterium breve",-0.0427176501852758,0.669885863692676,0.669885863692676,0.0427176501852758,FALSE,FALSE,FALSE
"Pentose alcohols","Bifidobacterium breve",-0.0512425002719418,0.609013686020572,0.669915054622629,0.0512425002719418,FALSE,FALSE,FALSE
"Pyridoxic acid","Streptococcus salivarius",0.0520105394530215,0.603650256947112,0.671222621842925,0.0520105394530215,FALSE,FALSE,FALSE
"Pyridoxic acid","Veillonella parvula",0.0510726825411317,0.610202383493569,0.671222621842925,0.0510726825411317,FALSE,FALSE,FALSE
"N-Acetylneuraminic acid","Prevotella melaninogenica",0.0527366180436254,0.598599167747036,0.67283682305481,0.0527366180436254,FALSE,FALSE,FALSE
"N-Acetylneuraminic acid","Bifidobacterium breve",-0.0508632406731326,0.611669839140737,0.67283682305481,0.0508632406731326,FALSE,FALSE,FALSE
"Hexose alcohols","Bifidobacterium breve",-0.0596881020842298,0.551227019468518,0.673721912683745,0.0596881020842298,FALSE,FALSE,FALSE
"N-Acetylglycine","Streptococcus salivarius",-0.0820579094124128,0.412264938798176,0.675235744173476,0.0820579094124128,FALSE,FALSE,FALSE
"N-Acetylglycine","Prevotella melaninogenica",-0.0790449650210451,0.429695473564939,0.675235744173476,0.0790449650210451,FALSE,FALSE,FALSE
"Indoleacetic acid","Streptococcus salivarius",0.0779574343610933,0.436089139285617,0.678874075865759,0.0779574343610933,FALSE,FALSE,FALSE
"Indoleacetic acid","Bifidobacterium breve",-0.068529945268408,0.493726600629643,0.678874075865759,0.068529945268408,FALSE,FALSE,FALSE
"Citric acid/Isocitric acid","Eggerthella lenta",-0.0587836302125344,0.557286654832963,0.681128133684732,0.0587836302125344,FALSE,FALSE,FALSE
"N-Acetylglycine","Bifidobacterium breve",0.0677601048887356,0.498604169478305,0.68558073303267,0.0677601048887356,FALSE,FALSE,FALSE
"Orotidine","Haemophilus parainfluenzae",-0.0882967495119576,0.377512814670658,0.692106826896206,0.0882967495119576,FALSE,FALSE,FALSE
"Butyrylcarnitine","Prevotella denticola",0.0389111314005282,0.697803709149897,0.697803709149897,0.0389111314005282,FALSE,FALSE,FALSE
"Decanoylcarnitine","Escherichia coli",0.0567400811543355,0.571094151734442,0.698003963230984,0.0567400811543355,FALSE,FALSE,FALSE
"Hexose alcohols","Streptococcus salivarius",-0.0465147638634057,0.642477439845145,0.70672518382966,0.0465147638634057,FALSE,FALSE,FALSE
"Glucuronic acid","Escherichia coli",0.0649403980895671,0.516682540615646,0.710438493346513,0.0649403980895671,FALSE,FALSE,FALSE
"Phenylalanine","Prevotella melaninogenica",-0.0744128970916874,0.457298557771778,0.71861201935565,0.0744128970916874,FALSE,FALSE,FALSE
"Phenylalanine","Haemophilus parainfluenzae",-0.0639753474280392,0.522945837188003,0.719050526133504,0.0639753474280392,FALSE,FALSE,FALSE
"Malic acid","Prevotella melaninogenica",-0.110540028838457,0.268711834441158,0.720227016019981,0.110540028838457,FALSE,FALSE,FALSE
"Malic acid","Bifidobacterium dentium",-0.0979500977883949,0.327375916372719,0.720227016019981,0.0979500977883949,FALSE,FALSE,FALSE
"Lactic acid","Streptococcus salivarius",-0.0937328731001975,0.34873098481315,0.723148198672311,0.0937328731001975,FALSE,FALSE,FALSE
"Lactic acid","Prevotella melaninogenica",-0.0818182095742204,0.413636347044887,0.723148198672311,0.0818182095742204,FALSE,FALSE,FALSE
"Lactic acid","Prevotella denticola",-0.073937617728216,0.460185217336925,0.723148198672311,0.073937617728216,FALSE,FALSE,FALSE
"Hexose alcohols","Veillonella atypica",0.0353843051576205,0.724035804148953,0.724035804148953,0.0353843051576205,FALSE,FALSE,FALSE
"N-Acetylglycine","Escherichia coli",-0.053548239365881,0.592975450495637,0.724747772828001,0.053548239365881,FALSE,FALSE,FALSE
"Malic acid","Haemophilus parainfluenzae",0.0794321606258968,0.427432138077536,0.725928533232517,0.0794321606258968,FALSE,FALSE,FALSE
"Malic acid","Veillonella parvula",0.0736471195568184,0.461954521147965,0.725928533232517,0.0736471195568184,FALSE,FALSE,FALSE
"Pseudouridine","Prevotella denticola",-0.0698817591115187,0.485222995766336,0.727853249613955,0.0698817591115187,FALSE,FALSE,FALSE
"Pseudouridine","Haemophilus parainfluenzae",-0.0604366130129095,0.546236518268044,0.727853249613955,0.0604366130129095,FALSE,FALSE,FALSE
"Pseudouridine","Veillonella parvula",-0.0460913624373694,0.645510861252488,0.727853249613955,0.0460913624373694,FALSE,FALSE,FALSE
"Pseudouridine","Streptococcus salivarius",-0.0445499529013151,0.656602988749649,0.727853249613955,0.0445499529013151,FALSE,FALSE,FALSE
"Pseudouridine","Prevotella melaninogenica",0.0438472449623662,0.661684772376322,0.727853249613955,0.0438472449623662,FALSE,FALSE,FALSE
"Lactic acid","Veillonella parvula",0.0626429306003252,0.531656037874845,0.731027052077911,0.0626429306003252,FALSE,FALSE,FALSE
"Dihydrothymine","Haemophilus parainfluenzae",0.0434412196345607,0.664628063410473,0.731090869751521,0.0434412196345607,FALSE,FALSE,FALSE
"p-Anisic acid","Veillonella parvula",0.0343909207845548,0.731484032181849,0.731484032181849,0.0343909207845548,FALSE,FALSE,FALSE
"Dihydrothymine","Prevotella melaninogenica",-0.033488801793479,0.738269652036472,0.738269652036472,0.033488801793479,FALSE,FALSE,FALSE
"Citric acid/Isocitric acid","Veillonella parvula",0.0424968871352226,0.671493224952232,0.738642547447455,0.0424968871352226,FALSE,FALSE,FALSE
"Citric acid/Isocitric acid","Veillonella atypica",-0.0327095146332135,0.744147579924773,0.744147579924773,0.0327095146332135,FALSE,FALSE,FALSE
"Methylimidazoleacetic acid","Veillonella parvula",-0.0971555540919606,0.331334008525631,0.749217577623419,0.0971555540919606,FALSE,FALSE,FALSE
"Methylimidazoleacetic acid","Prevotella denticola",-0.0883652123572179,0.377141603929695,0.749217577623419,0.0883652123572179,FALSE,FALSE,FALSE
"Methylimidazoleacetic acid","Bifidobacterium breve",-0.0776095332757203,0.438145818757831,0.749217577623419,0.0776095332757203,FALSE,FALSE,FALSE
"Methylimidazoleacetic acid","Prevotella melaninogenica",-0.0697208671179368,0.486230976752172,0.749217577623419,0.0697208671179368,FALSE,FALSE,FALSE
"Methylimidazoleacetic acid","Veillonella atypica",0.0596160938914426,0.551708276956574,0.749217577623419,0.0596160938914426,FALSE,FALSE,FALSE
"Methylimidazoleacetic acid","Streptococcus salivarius",-0.042744604857887,0.669689710265614,0.749217577623419,0.042744604857887,FALSE,FALSE,FALSE
"Methylimidazoleacetic acid","Haemophilus parainfluenzae",-0.0411806902924544,0.681106888748562,0.749217577623419,0.0411806902924544,FALSE,FALSE,FALSE
"Benzoic acid/4-Hydroxybenzaldehyde","Haemophilus parainfluenzae",-0.160846722638196,0.106313839885728,0.750266155823184,0.160846722638196,FALSE,FALSE,FALSE
"Benzoic acid/4-Hydroxybenzaldehyde","Eggerthella lenta",0.126472298614786,0.20527746043458,0.750266155823184,0.126472298614786,FALSE,FALSE,FALSE
"Benzoic acid/4-Hydroxybenzaldehyde","Veillonella parvula",0.119107326094677,0.233124285718141,0.750266155823184,0.119107326094677,FALSE,FALSE,FALSE
"Benzoic acid/4-Hydroxybenzaldehyde","Bifidobacterium breve",0.102465188475289,0.305460446954879,0.750266155823184,0.102465188475289,FALSE,FALSE,FALSE
"Benzoic acid/4-Hydroxybenzaldehyde","Bifidobacterium longum",0.0952343378500538,0.34103007082872,0.750266155823184,0.0952343378500538,FALSE,FALSE,FALSE
"Hexoses","Prevotella denticola",-0.0497546558447939,0.619462625775433,0.757120987058863,0.0497546558447939,FALSE,FALSE,FALSE
"Hydroxypentanoic acid","Haemophilus parainfluenzae",0.106250796695074,0.287842154866044,0.760657481591206,0.106250796695074,FALSE,FALSE,FALSE
"Hydroxypentanoic acid","Bifidobacterium dentium",-0.0943109261803488,0.345753400723276,0.760657481591206,0.0943109261803488,FALSE,FALSE,FALSE
"N-Acetyl-L-tryptophan","Bifidobacterium breve",-0.0519161106041551,0.604308551356298,0.760766427817119,0.0519161106041551,FALSE,FALSE,FALSE
"N-Acetyl-L-tryptophan","Streptococcus salivarius",-0.0502963130774004,0.615649716904919,0.760766427817119,0.0502963130774004,FALSE,FALSE,FALSE
"N-Acetyl-L-tryptophan","Prevotella denticola",-0.0458814250082106,0.647017099769508,0.760766427817119,0.0458814250082106,FALSE,FALSE,FALSE
"N-Acetyl-L-tryptophan","Eggerthella lenta",0.0397512371634857,0.691605843470108,0.760766427817119,0.0397512371634857,FALSE,FALSE,FALSE
"N-Acetyl-L-tryptophan","Haemophilus parainfluenzae",0.0293572933669876,0.769596212687956,0.769596212687956,0.0293572933669876,FALSE,FALSE,FALSE
"Succinate","Veillonella parvula",0.0686544782710021,0.492939952704064,0.774619925677814,0.0686544782710021,FALSE,FALSE,FALSE
"N-Acetyl-l-phenylalanine","Escherichia coli",0.028449270692484,0.776533099310284,0.776533099310284,0.028449270692484,FALSE,FALSE,FALSE
"Methylimidazoleacetic acid","Escherichia coli",0.0283983370469236,0.776922735622541,0.776922735622541,0.0283983370469236,FALSE,FALSE,FALSE
"Hexadecanedioic acid","Eggerthella lenta",0.0474368415059219,0.635891637741484,0.777200890572925,0.0474368415059219,FALSE,FALSE,FALSE
"Indolelactic acid","Veillonella atypica",0.0425246357948085,0.671291107266919,0.786927254707369,0.0425246357948085,FALSE,FALSE,FALSE
"Indolelactic acid","Veillonella parvula",-0.0365419453748158,0.715388413370335,0.786927254707369,0.0365419453748158,FALSE,FALSE,FALSE
"Decanoylcarnitine","Veillonella parvula",-0.0357268202669274,0.721473597241457,0.793620956965603,0.0357268202669274,FALSE,FALSE,FALSE
"N-Acetyl-L-alanine","Eggerthella lenta",-0.0913422256526974,0.361215017178755,0.794673037793262,0.0913422256526974,FALSE,FALSE,FALSE
"N6-Acetyl-L-lysine","Haemophilus parainfluenzae",0.0250374336294546,0.802751007165573,0.802751007165573,0.0250374336294546,FALSE,FALSE,FALSE
"Phenylalanine","Streptococcus salivarius",-0.0413834749450184,0.679622348081155,0.809605634306007,0.0413834749450184,FALSE,FALSE,FALSE
"Phenylalanine","Eggerthella lenta",-0.0337895605767797,0.73600512209637,0.809605634306007,0.0337895605767797,FALSE,FALSE,FALSE
"Octanoylcarnitine","Streptococcus salivarius",0.0541291182295366,0.588965247200605,0.809827214900832,0.0541291182295366,FALSE,FALSE,FALSE
"N-Acetylneuraminic acid","Escherichia coli",-0.0238765611799463,0.811723311763688,0.811723311763688,0.0238765611799463,FALSE,FALSE,FALSE
"Malic acid","Bifidobacterium breve",0.0534954155006889,0.59334074018631,0.815843517756175,0.0534954155006889,FALSE,FALSE,FALSE
"N-Acetylglycine","Bifidobacterium dentium",-0.0329803486419324,0.742103076096984,0.816313383706683,0.0329803486419324,FALSE,FALSE,FALSE
"Hexanoylcarnitine","Prevotella denticola",0.0641365935287674,0.521896665065173,0.8201233308167,0.0641365935287674,FALSE,FALSE,FALSE
"Oxovaleric acid","Streptococcus salivarius",0.0387751172040402,0.698809034528191,0.820177733923907,0.0387751172040402,FALSE,FALSE,FALSE
"Oxovaleric acid","Bifidobacterium longum",-0.0267805906389582,0.789326574287775,0.820177733923907,0.0267805906389582,FALSE,FALSE,FALSE
"Oxovaleric acid","Prevotella melaninogenica",-0.0227855768693322,0.820177733923907,0.820177733923907,0.0227855768693322,FALSE,FALSE,FALSE
"Acetamidobutanoic acid","Bifidobacterium dentium",-0.121459488082627,0.223958086055752,0.821179648871092,0.121459488082627,FALSE,FALSE,FALSE
"Hexadecanedioic acid","Veillonella parvula",0.0277001021906376,0.782269683068704,0.830043323739265,0.0277001021906376,FALSE,FALSE,FALSE
"Hexadecanedioic acid","Prevotella denticola",-0.0215158353446746,0.830043323739265,0.830043323739265,0.0215158353446746,FALSE,FALSE,FALSE
"Hydroxy-methoxyphenylglycol sulfate","Prevotella denticola",-0.0629647319397029,0.529545761908824,0.832143340142437,0.0629647319397029,FALSE,FALSE,FALSE
"Succinate","Escherichia coli",0.0516580351861934,0.606109296380074,0.833400282522601,0.0516580351861934,FALSE,FALSE,FALSE
"Acetamidobutanoic acid","Escherichia coli",0.10294255697161,0.303200761068908,0.833802092939497,0.10294255697161,FALSE,FALSE,FALSE
"Benzoic acid/4-Hydroxybenzaldehyde","Bifidobacterium dentium",-0.0625208543241467,0.532457674043859,0.83680940231795,0.0625208543241467,FALSE,FALSE,FALSE
"Benzoic acid/4-Hydroxybenzaldehyde","Prevotella melaninogenica",0.0557047392410778,0.578150235054267,0.83680940231795,0.0557047392410778,FALSE,FALSE,FALSE
"Benzoic acid/4-Hydroxybenzaldehyde","Prevotella denticola",0.0326333014591112,0.744723228025512,0.83680940231795,0.0326333014591112,FALSE,FALSE,FALSE
"Benzoic acid/4-Hydroxybenzaldehyde","Streptococcus salivarius",-0.0306595936649703,0.75967897023267,0.83680940231795,0.0306595936649703,FALSE,FALSE,FALSE
"Benzoic acid/4-Hydroxybenzaldehyde","Escherichia coli",0.0305205722786088,0.760735820289045,0.83680940231795,0.0305205722786088,FALSE,FALSE,FALSE
"Hydroxypentanoic acid","Prevotella denticola",0.0636495861151302,0.525068701604725,0.83783405871685,0.0636495861151302,FALSE,FALSE,FALSE
"Hydroxypentanoic acid","Prevotella melaninogenica",0.0494237150909133,0.621797210093139,0.83783405871685,0.0494237150909133,FALSE,FALSE,FALSE
"Hydroxypentanoic acid","Bifidobacterium breve",0.0445177181318626,0.656835761600324,0.83783405871685,0.0445177181318626,FALSE,FALSE,FALSE
"Hydroxypentanoic acid","Eggerthella lenta",0.0405814899956769,0.685500593495605,0.83783405871685,0.0405814899956769,FALSE,FALSE,FALSE
"Hydroxycaproic acid","Haemophilus parainfluenzae",0.0389675018789787,0.69738720945559,0.844865974545657,0.0389675018789787,FALSE,FALSE,FALSE
"Hydroxycaproic acid","Veillonella atypica",0.0295587020663274,0.768059976859688,0.844865974545657,0.0295587020663274,FALSE,FALSE,FALSE
"Benzoic acid/4-Hydroxybenzaldehyde","Veillonella atypica",-0.0196075746068813,0.844919350081708,0.844919350081708,0.0196075746068813,FALSE,FALSE,FALSE
"Hexanoylcarnitine","Veillonella parvula",-0.0462781619412604,0.64417183315648,0.848244981781723,0.0462781619412604,FALSE,FALSE,FALSE
"Hexanoylcarnitine","Prevotella melaninogenica",0.0361421222578683,0.718371029978936,0.848244981781723,0.0361421222578683,FALSE,FALSE,FALSE
"Hexanoylcarnitine","Streptococcus salivarius",-0.0291560861461531,0.771131801619748,0.848244981781723,0.0291560861461531,FALSE,FALSE,FALSE
"Glucuronic acid","Prevotella melaninogenica",-0.0323944944833071,0.746527876753351,0.850099279458378,0.0323944944833071,FALSE,FALSE,FALSE
"Glucuronic acid","Veillonella atypica",-0.0289353398678428,0.772817526780343,0.850099279458378,0.0289353398678428,FALSE,FALSE,FALSE
"N8-Acetylspermidine","Veillonella atypica",0.0187348675290028,0.851741146937481,0.851741146937481,0.0187348675290028,FALSE,FALSE,FALSE
"N-Acetyl-L-alanine","Streptococcus salivarius",0.0730596447164616,0.465543989661792,0.853497314379953,0.0730596447164616,FALSE,FALSE,FALSE
"Pentose alcohols","Prevotella melaninogenica",0.0179286512735008,0.858052932204249,0.858052932204249,0.0179286512735008,FALSE,FALSE,FALSE
"Lactic acid","Eggerthella lenta",-0.0382867634178152,0.702422895392598,0.858516872146509,0.0382867634178152,FALSE,FALSE,FALSE
"Thiodiacetic acid","Escherichia coli",0.0218844897091378,0.827176174882567,0.861636597165521,0.0218844897091378,FALSE,FALSE,FALSE
"Thiodiacetic acid","Bifidobacterium breve",-0.020069625486238,0.84131217857579,0.861636597165521,0.020069625486238,FALSE,FALSE,FALSE
"Thiodiacetic acid","Veillonella parvula",0.0174714142048438,0.861636597165521,0.861636597165521,0.0174714142048438,FALSE,FALSE,FALSE
"N-Acetyl-L-alanine","Veillonella parvula",0.0591616671187185,0.554750061344555,0.871750096398587,0.0591616671187185,FALSE,FALSE,FALSE
"Decanoylcarnitine","Haemophilus parainfluenzae",-0.015947975332399,0.87359664036812,0.87359664036812,0.015947975332399,FALSE,FALSE,FALSE
"Malic acid","Streptococcus salivarius",0.0356712853943608,0.721888821354987,0.881575961744838,0.0356712853943608,FALSE,FALSE,FALSE
"Malic acid","Bifidobacterium longum",0.0182139702655412,0.855818155418896,0.881575961744838,0.0182139702655412,FALSE,FALSE,FALSE
"Malic acid","Prevotella denticola",0.0149336257697343,0.881575961744838,0.881575961744838,0.0149336257697343,FALSE,FALSE,FALSE
"Octanoylcarnitine","Veillonella parvula",-0.0356758749476844,0.721854503040477,0.88226661482725,0.0356758749476844,FALSE,FALSE,FALSE
"N-Acetyl-L-aspartic acid","Prevotella denticola",0.01471295053543,0.883313488078188,0.883923770392613,0.01471295053543,FALSE,FALSE,FALSE
"N-Acetyl-L-aspartic acid","Veillonella parvula",0.0146354581003154,0.883923770392613,0.883923770392613,0.0146354581003154,FALSE,FALSE,FALSE
"Pantothenic acid","Bifidobacterium dentium",0.0248819104155763,0.803951578586042,0.884346736444646,0.0248819104155763,FALSE,FALSE,FALSE
"Succinate","Bifidobacterium breve",-0.0177034984369509,0.859817246413497,0.888829840559866,0.0177034984369509,FALSE,FALSE,FALSE
"Succinate","Haemophilus parainfluenzae",0.014468571312696,0.885238297072256,0.888829840559866,0.014468571312696,FALSE,FALSE,FALSE
"Succinate","Streptococcus salivarius",-0.0140128039774606,0.888829840559866,0.888829840559866,0.0140128039774606,FALSE,FALSE,FALSE
"Galacturonic acid","Veillonella atypica",-0.0238917729891941,0.811605580377968,0.892766138415764,0.0238917729891941,FALSE,FALSE,FALSE
"Orotidine","Bifidobacterium breve",-0.0473197106902289,0.636726670659638,0.893599646168133,0.0473197106902289,FALSE,FALSE,FALSE
"Orotidine","Veillonella parvula",-0.0438667501637573,0.661543507622493,0.893599646168133,0.0438667501637573,FALSE,FALSE,FALSE
"Orotidine","Prevotella melaninogenica",-0.0344182134815702,0.731279059123934,0.893599646168133,0.0344182134815702,FALSE,FALSE,FALSE
"Orotidine","Streptococcus salivarius",0.0148101185707728,0.882548349365278,0.893599646168133,0.0148101185707728,FALSE,FALSE,FALSE
"Orotidine","Veillonella atypica",-0.0134079541964974,0.893599646168133,0.893599646168133,0.0134079541964974,FALSE,FALSE,FALSE
"Phenyllactic acid","Bifidobacterium dentium",-0.0909735950969138,0.363164284669227,0.895201282726105,0.0909735950969138,FALSE,FALSE,FALSE
"Phenyllactic acid","Veillonella parvula",0.0829984159334269,0.406909673966411,0.895201282726105,0.0829984159334269,FALSE,FALSE,FALSE
"Hydroxy-methoxyphenylglycol sulfate","Eggerthella lenta",-0.0451824744407362,0.652042106097624,0.896557895884234,0.0451824744407362,FALSE,FALSE,FALSE
"Hexanoylcarnitine","Veillonella atypica",0.0126372518420073,0.899682827706737,0.899682827706737,0.0126372518420073,FALSE,FALSE,FALSE
"Indoleacetic acid","Bifidobacterium dentium",-0.0127342530760423,0.898916866654668,0.901873431539822,0.0127342530760423,FALSE,FALSE,FALSE
"Indoleacetic acid","Veillonella atypica",0.0125239132604646,0.900577911618781,0.901873431539822,0.0125239132604646,FALSE,FALSE,FALSE
"Indoleacetic acid","Escherichia coli",0.0123598979893346,0.901873431539822,0.901873431539822,0.0123598979893346,FALSE,FALSE,FALSE
"Cystathionine","Streptococcus salivarius",-0.0370210250987535,0.711820186415874,0.90359247559071,0.0370210250987535,FALSE,FALSE,FALSE
"Cystathionine","Prevotella denticola",0.0237530256510705,0.812679566714644,0.90359247559071,0.0237530256510705,FALSE,FALSE,FALSE
"Cystathionine","Escherichia coli",-0.012161822701044,0.903438326787838,0.90359247559071,0.012161822701044,FALSE,FALSE,FALSE
"Cystathionine","Prevotella melaninogenica",0.0121423139895783,0.90359247559071,0.90359247559071,0.0121423139895783,FALSE,FALSE,FALSE
"Octanoylcarnitine","Haemophilus parainfluenzae",-0.022599375804984,0.821622758710536,0.90378503458159,0.022599375804984,FALSE,FALSE,FALSE
"p-Hydroxyphenyllactic acid","Haemophilus parainfluenzae",0.0223863416261467,0.823276754687503,0.904585342170148,0.0223863416261467,FALSE,FALSE,FALSE
"p-Hydroxyphenyllactic acid","Bifidobacterium dentium",0.0120166699420614,0.904585342170148,0.904585342170148,0.0120166699420614,FALSE,FALSE,FALSE
"Glucuronic acid","Bifidobacterium breve",-0.011499490671356,0.908673735863664,0.908673735863664,0.011499490671356,FALSE,FALSE,FALSE
"Hexoses","Bifidobacterium breve",0.0188242954602974,0.851041593066239,0.912583608299146,0.0188242954602974,FALSE,FALSE,FALSE
"Hexoses","Veillonella atypica",-0.0110051762677929,0.912583608299146,0.912583608299146,0.0110051762677929,FALSE,FALSE,FALSE
"Octanoylcarnitine","Veillonella atypica",-0.0109598408351758,0.912942303197476,0.912942303197476,0.0109598408351758,FALSE,FALSE,FALSE
"Guanidinosuccinic acid","Bifidobacterium breve",0.0322059326481318,0.747953794716531,0.914165749097982,0.0322059326481318,FALSE,FALSE,FALSE
"Indolelactic acid","Prevotella melaninogenica",-0.0105533198131644,0.916159478222118,0.916159478222118,0.0105533198131644,FALSE,FALSE,FALSE
"N-Acetylglycine","Prevotella denticola",-0.0100178946883339,0.920398846364207,0.920398846364207,0.0100178946883339,FALSE,FALSE,FALSE
"Acetamidobutanoic acid","Veillonella atypica",0.061928200954913,0.536357985252901,0.922189173607045,0.061928200954913,FALSE,FALSE,FALSE
"Acetamidobutanoic acid","Haemophilus parainfluenzae",0.0455952318872484,0.649072745358871,0.922189173607045,0.0455952318872484,FALSE,FALSE,FALSE
"Acetamidobutanoic acid","Prevotella denticola",-0.0446030305474129,0.656219777404086,0.922189173607045,0.0446030305474129,FALSE,FALSE,FALSE
"Acetamidobutanoic acid","Streptococcus salivarius",0.042232045476472,0.673423473420409,0.922189173607045,0.042232045476472,FALSE,FALSE,FALSE
"Acetamidobutanoic acid","Bifidobacterium breve",-0.0268510135365872,0.788785495839547,0.922189173607045,0.0268510135365872,FALSE,FALSE,FALSE
"Acetamidobutanoic acid","Veillonella parvula",0.0204488850850472,0.838353794188223,0.922189173607045,0.0204488850850472,FALSE,FALSE,FALSE
"Phenyllactic acid","Veillonella atypica",0.0670057694080244,0.503407863564607,0.922914416535112,0.0670057694080244,FALSE,FALSE,FALSE
"Phenyllactic acid","Streptococcus salivarius",0.0396464681524456,0.692377675472797,0.923056032198593,0.0396464681524456,FALSE,FALSE,FALSE
"Phenyllactic acid","Prevotella denticola",-0.0146064176636969,0.884152492340484,0.923056032198593,0.0146064176636969,FALSE,FALSE,FALSE
"Phenyllactic acid","Haemophilus parainfluenzae",-0.0105629447006799,0.916083291786478,0.923056032198593,0.0105629447006799,FALSE,FALSE,FALSE
"Phenyllactic acid","Prevotella melaninogenica",-0.0102385190801012,0.918651718409423,0.923056032198593,0.0102385190801012,FALSE,FALSE,FALSE
"Phenyllactic acid","Bifidobacterium breve",0.00968244095168809,0.923056032198593,0.923056032198593,0.00968244095168809,FALSE,FALSE,FALSE
"Pantothenic acid","Prevotella melaninogenica",-0.00909924023663462,0.92767766071446,0.92767766071446,0.00909924023663462,FALSE,FALSE,FALSE
"Hydroxypentanoic acid","Escherichia coli",0.0192529180218481,0.847690286391302,0.932459315030432,0.0192529180218481,FALSE,FALSE,FALSE
"Kynurenine","Bifidobacterium dentium",-0.0294322987016934,0.769024008412985,0.933338905962792,0.0294322987016934,FALSE,FALSE,FALSE
"Kynurenine","Streptococcus salivarius",-0.022583935855566,0.821742608224165,0.933338905962792,0.022583935855566,FALSE,FALSE,FALSE
"Kynurenine","Prevotella melaninogenica",0.0107332059463433,0.914735703724574,0.933338905962792,0.0107332059463433,FALSE,FALSE,FALSE
"Kynurenine","Haemophilus parainfluenzae",0.00838526198367696,0.933338905962792,0.933338905962792,0.00838526198367696,FALSE,FALSE,FALSE
"Pyridoxic acid","Bifidobacterium dentium",0.00791619489074184,0.937060038365597,0.937060038365597,0.00791619489074184,FALSE,FALSE,FALSE
"Galacturonic acid","Prevotella melaninogenica",-0.00694060663848736,0.944803674107083,0.944803674107083,0.00694060663848736,FALSE,FALSE,FALSE
"N-Acetyl-L-alanine","Haemophilus parainfluenzae",0.028872048848525,0.773301042752315,0.952066482927616,0.028872048848525,FALSE,FALSE,FALSE
"N-Acetyl-L-alanine","Bifidobacterium breve",-0.0171204575611696,0.864389181406668,0.952066482927616,0.0171204575611696,FALSE,FALSE,FALSE
"N-Acetyl-L-alanine","Veillonella atypica",0.0127392565653957,0.89887735958418,0.952066482927616,0.0127392565653957,FALSE,FALSE,FALSE
"N-Acetyl-L-alanine","Prevotella melaninogenica",-0.00602618546149443,0.952066482927616,0.952066482927616,0.00602618546149443,FALSE,FALSE,FALSE
"N6,N6,N6-Trimethyl-L-lysine","Streptococcus salivarius",-0.0874226976045558,0.382271458828625,0.953265559160264,0.0874226976045558,FALSE,FALSE,FALSE
"N6,N6,N6-Trimethyl-L-lysine","Veillonella atypica",-0.0784302984275252,0.433302526891029,0.953265559160264,0.0784302984275252,FALSE,FALSE,FALSE
"Threitol","Veillonella parvula",-0.0623599010489751,0.533515523380193,0.954310962787505,0.0623599010489751,FALSE,FALSE,FALSE
"Threitol","Haemophilus parainfluenzae",-0.0514891775017454,0.60728879450114,0.954310962787505,0.0514891775017454,FALSE,FALSE,FALSE
"Acetamidobutanoic acid","Prevotella melaninogenica",-0.00517172632889447,0.958856599535231,0.958856599535231,0.00517172632889447,FALSE,FALSE,FALSE
"Lactic acid","Escherichia coli",-0.00610637817330222,0.951429385131922,0.959089635026333,0.00610637817330222,FALSE,FALSE,FALSE
"Lactic acid","Haemophilus parainfluenzae",0.00514240837248784,0.959089635026333,0.959089635026333,0.00514240837248784,FALSE,FALSE,FALSE
"Pseudouridine","Bifidobacterium breve",0.00483697503257379,0.961517590922893,0.961517590922893,0.00483697503257379,FALSE,FALSE,FALSE
"Hydroxycaproic acid","Eggerthella lenta",0.00482296176477711,0.961628994033206,0.961628994033206,0.00482296176477711,FALSE,FALSE,FALSE
"Hydroxy-methoxyphenylglycol sulfate","Prevotella melaninogenica",0.0135963935661081,0.892113211030235,0.967895445779405,0.0135963935661081,FALSE,FALSE,FALSE
"Hydroxy-methoxyphenylglycol sulfate","Haemophilus parainfluenzae",0.00823140396562784,0.934559315044283,0.967895445779405,0.00823140396562784,FALSE,FALSE,FALSE
"Hydroxy-methoxyphenylglycol sulfate","Veillonella atypica",0.00403485350291893,0.967895445779405,0.967895445779405,0.00403485350291893,FALSE,FALSE,FALSE
"Phenylalanine","Bifidobacterium breve",0.00369919623614625,0.970564958350136,0.970564958350136,0.00369919623614625,FALSE,FALSE,FALSE
"N6,N6,N6-Trimethyl-L-lysine","Bifidobacterium breve",-0.0425308506813847,0.671245842037264,0.977557930396042,0.0425308506813847,FALSE,FALSE,FALSE
"N6,N6,N6-Trimethyl-L-lysine","Escherichia coli",0.0295358551311068,0.768234195843503,0.977557930396042,0.0295358551311068,FALSE,FALSE,FALSE
"N6,N6,N6-Trimethyl-L-lysine","Prevotella melaninogenica",-0.0248992389341847,0.803817787369791,0.977557930396042,0.0248992389341847,FALSE,FALSE,FALSE
"N6,N6,N6-Trimethyl-L-lysine","Veillonella parvula",-0.0175619836612758,0.860926520054784,0.977557930396042,0.0175619836612758,FALSE,FALSE,FALSE
"N6,N6,N6-Trimethyl-L-lysine","Haemophilus parainfluenzae",-0.0140306677228638,0.888689027632765,0.977557930396042,0.0140306677228638,FALSE,FALSE,FALSE
"Hydroxypentanoic acid","Veillonella atypica",0.0023121070634704,0.981599722849728,0.981599722849728,0.0023121070634704,FALSE,FALSE,FALSE
"Guanidinosuccinic acid","Veillonella parvula",-0.00710687203440187,0.943483575679058,0.981644200392408,0.00710687203440187,FALSE,FALSE,FALSE
"Guanidinosuccinic acid","Bifidobacterium dentium",-0.00230651721636723,0.981644200392408,0.981644200392408,0.00230651721636723,FALSE,FALSE,FALSE
"Tartaric acid","Bifidobacterium breve",0.0014802445535612,0.988219268098387,0.988219268098387,0.0014802445535612,FALSE,FALSE,FALSE
"N6,N6,N6-Trimethyl-L-lysine","Prevotella denticola",-0.000224479979723395,0.998213382431002,0.998213382431002,0.000224479979723395,FALSE,FALSE,FALSE
"Threitol","Veillonella atypica",-0.025206500535089,0.801446404386747,0.999391795191962,0.025206500535089,FALSE,FALSE,FALSE
"Threitol","Streptococcus salivarius",-0.0185973628890054,0.852817006942473,0.999391795191962,0.0185973628890054,FALSE,FALSE,FALSE
"Threitol","Prevotella melaninogenica",0.010103604480217,0.919720063789289,0.999391795191962,0.010103604480217,FALSE,FALSE,FALSE
"Threitol","Bifidobacterium breve",-7.64179788645362e-05,0.999391795191962,0.999391795191962,7.64179788645362e-05,FALSE,FALSE,FALSE
